organization_id,service_id,source
"o5KjUU75Odcv9uWG5NnWHP6cb","7Xur93n1dGSSCvhELrEBSyz93","City"
"o5KjUU75Odcv9uWG5NnWHP6cb","7Xur93n1dGSSCvhELrEBSyz93","County"
"o5KjUU75Odcv9uWG5NnWHP6cb","7Xur93n1dGSSCvhELrEBSyz93","Donations"
"o5KjUU75Odcv9uWG5NnWHP6cb","7Xur93n1dGSSCvhELrEBSyz93","Fees"
"o5KjUU75Odcv9uWG5NnWHP6cb","7Xur93n1dGSSCvhELrEBSyz93","Fundraising"
"o5KjUU75Odcv9uWG5NnWHP6cb","iB6LVtCl6rjKUJlvyEBZ6V19D","County"
"o5KjUU75Odcv9uWG5NnWHP6cb","iB6LVtCl6rjKUJlvyEBZ6V19D","Federal"
"o5KjUU75Odcv9uWG5NnWHP6cb","iB6LVtCl6rjKUJlvyEBZ6V19D","State"
"o5KjUU75Odcv9uWG5NnWHP6cb","HePuTG2UXB1kivehzhEldXvsl","County"
"o5KjUU75Odcv9uWG5NnWHP6cb","HePuTG2UXB1kivehzhEldXvsl","Donations"
"o5KjUU75Odcv9uWG5NnWHP6cb","HePuTG2UXB1kivehzhEldXvsl","Grants"
"o5KjUU75Odcv9uWG5NnWHP6cb","fxaIGWh50LKMaHPftjPvOYvJH","County"
"o5KjUU75Odcv9uWG5NnWHP6cb","fxaIGWh50LKMaHPftjPvOYvJH","Donations"
"o5KjUU75Odcv9uWG5NnWHP6cb","fxaIGWh50LKMaHPftjPvOYvJH","Grants"
"o5KjUU75Odcv9uWG5NnWHP6cb","x7Bu3421hTw4X7JS3XOOICTRc","County"
"o5KjUU75Odcv9uWG5NnWHP6cb","x7Bu3421hTw4X7JS3XOOICTRc","Grants"
"o5KjUU75Odcv9uWG5NnWHP6cb","x7Bu3421hTw4X7JS3XOOICTRc","State"
"bUlLaM5dgd0R32SCVauqFNYST","kKey3CzEx6pkyFmjvRorGkGJG","Fees"
"bUlLaM5dgd0R32SCVauqFNYST","kKey3CzEx6pkyFmjvRorGkGJG","Fundraising"
"bUlLaM5dgd0R32SCVauqFNYST","kKey3CzEx6pkyFmjvRorGkGJG","Grants"
"bUlLaM5dgd0R32SCVauqFNYST","kKey3CzEx6pkyFmjvRorGkGJG","Membership dues"
"bUlLaM5dgd0R32SCVauqFNYST","PhfkaDp8ECncK4zv5TmISfwfY","Donations"
"bUlLaM5dgd0R32SCVauqFNYST","PhfkaDp8ECncK4zv5TmISfwfY","Fees"
"bUlLaM5dgd0R32SCVauqFNYST","PhfkaDp8ECncK4zv5TmISfwfY","Grants"
"bUlLaM5dgd0R32SCVauqFNYST","uTXdftHakakDpMMw6bfbJSP4m","County"
"bUlLaM5dgd0R32SCVauqFNYST","uTXdftHakakDpMMw6bfbJSP4m","Donations"
"uQGM9xK9waKG5xnC3wE1NhmO6","UFxHS8hCLn0WVHg2at81zL4DM","City"
"uQGM9xK9waKG5xnC3wE1NhmO6","UFxHS8hCLn0WVHg2at81zL4DM","County"
"uQGM9xK9waKG5xnC3wE1NhmO6","FumMzpqyKvwI0mrE1r0W3axn5","City"
"uQGM9xK9waKG5xnC3wE1NhmO6","dgIpX1Uie2NdML9naMnFpXK9W","City"
"uQGM9xK9waKG5xnC3wE1NhmO6","pFmPpDcjxxkHWUqAjl5MQYDST","City"
"uQGM9xK9waKG5xnC3wE1NhmO6","pFmPpDcjxxkHWUqAjl5MQYDST","Donations"
"uQGM9xK9waKG5xnC3wE1NhmO6","pFmPpDcjxxkHWUqAjl5MQYDST","Federal"
"uQGM9xK9waKG5xnC3wE1NhmO6","pFmPpDcjxxkHWUqAjl5MQYDST","Grants"
"uQGM9xK9waKG5xnC3wE1NhmO6","pFmPpDcjxxkHWUqAjl5MQYDST","State"
"uQGM9xK9waKG5xnC3wE1NhmO6","Zgn7rRCNo9sQvRgGazeqVWTZc","City"
"9DSK0Sqtu67eYh46MFq9sIsMV","WEEJtZZyP5uk9xtod7nX6Njii","Donations"
"9DSK0Sqtu67eYh46MFq9sIsMV","WEEJtZZyP5uk9xtod7nX6Njii","Grants"
"9DSK0Sqtu67eYh46MFq9sIsMV","m39SxTk3Ky9rH2v8KxlR1rvWK","Donations"
"9DSK0Sqtu67eYh46MFq9sIsMV","m39SxTk3Ky9rH2v8KxlR1rvWK","Sales"
"9DSK0Sqtu67eYh46MFq9sIsMV","TV4DyZKDrJ20zM0nuNn20JVxc","Donations"
"9DSK0Sqtu67eYh46MFq9sIsMV","TV4DyZKDrJ20zM0nuNn20JVxc","Fees"
"9DSK0Sqtu67eYh46MFq9sIsMV","TV4DyZKDrJ20zM0nuNn20JVxc","Grants"
"9DSK0Sqtu67eYh46MFq9sIsMV","2dtyduKHZX2wwlMDz1OfH7FfJ","Donations"
"NNvjXszsAzytGIjNEO4TfZId2","19TxUKunuTqlYByhGcLl1mQwW","Donations"
"NNvjXszsAzytGIjNEO4TfZId2","19TxUKunuTqlYByhGcLl1mQwW","Grants"
"NNvjXszsAzytGIjNEO4TfZId2","AK2l8EnDm4998esJtE47gto8u","Donations"
"NNvjXszsAzytGIjNEO4TfZId2","AK2l8EnDm4998esJtE47gto8u","Grants"
