organization_id,location_id,service_id,resource,resource_type
"o5KjUU75Odcv9uWG5NnWHP6cb","Lf8PJ9dQhHUmHNtNba8LxRfXo","7Xur93n1dGSSCvhELrEBSyz93","cgonzalez@peninsulafamilyservice.org","email"
"o5KjUU75Odcv9uWG5NnWHP6cb","Lf8PJ9dQhHUmHNtNba8LxRfXo","7Xur93n1dGSSCvhELrEBSyz93","http://www.peninsulafamilyservice.org","url"
"o5KjUU75Odcv9uWG5NnWHP6cb","35aZ4TRqh3GHIpgHI59wqbsfc","iB6LVtCl6rjKUJlvyEBZ6V19D","bbrown@peninsulafamilyservice.org","email"
"o5KjUU75Odcv9uWG5NnWHP6cb","35aZ4TRqh3GHIpgHI59wqbsfc","iB6LVtCl6rjKUJlvyEBZ6V19D","http://www.peninsulafamilyservice.org","url"
"o5KjUU75Odcv9uWG5NnWHP6cb","FjGHwR93Db14eU8z8trvGEoeo","fxaIGWh50LKMaHPftjPvOYvJH","kpesavento@peninsulafamilyservice.org","email"
"o5KjUU75Odcv9uWG5NnWHP6cb","FjGHwR93Db14eU8z8trvGEoeo","fxaIGWh50LKMaHPftjPvOYvJH","http://www.peninsulafamilyservice.org","url"
"o5KjUU75Odcv9uWG5NnWHP6cb","P3ZefNwqhjKGW9zYyVsd4wSdv","x7Bu3421hTw4X7JS3XOOICTRc","waystowork@peninsulafamilyservice.org","email"
"o5KjUU75Odcv9uWG5NnWHP6cb","P3ZefNwqhjKGW9zYyVsd4wSdv","x7Bu3421hTw4X7JS3XOOICTRc","http://www.peninsulafamilyservice.org","url"
"bUlLaM5dgd0R32SCVauqFNYST","AQquzksfvVOzZzQPyyk4tzCMW","kKey3CzEx6pkyFmjvRorGkGJG","polson@peninsulavolunteers.org","email"
"bUlLaM5dgd0R32SCVauqFNYST","AQquzksfvVOzZzQPyyk4tzCMW","kKey3CzEx6pkyFmjvRorGkGJG","http://www.penvol.org/littlehouse","url"
"bUlLaM5dgd0R32SCVauqFNYST","4ogorcxOlqnY5FTTbejAEohmZ","PhfkaDp8ECncK4zv5TmISfwfY","bkalt@peninsulavolunteers.org","email"
"bUlLaM5dgd0R32SCVauqFNYST","4ogorcxOlqnY5FTTbejAEohmZ","PhfkaDp8ECncK4zv5TmISfwfY","fmarchick@peninsulavolunteers.org","email"
"bUlLaM5dgd0R32SCVauqFNYST","4ogorcxOlqnY5FTTbejAEohmZ","PhfkaDp8ECncK4zv5TmISfwfY","http://www.penvol.org/rosenerhouse","url"
"bUlLaM5dgd0R32SCVauqFNYST","F8XEOnScPvoOw28tlkIksQRWk","uTXdftHakakDpMMw6bfbJSP4m","mbaker-venturini@peninsulavolunteers.org","email"
"bUlLaM5dgd0R32SCVauqFNYST","F8XEOnScPvoOw28tlkIksQRWk","uTXdftHakakDpMMw6bfbJSP4m","http://www.peninsulavolunteers.org","url"
"uQGM9xK9waKG5xnC3wE1NhmO6","nDAlsrawVULWR1vhkKIkwZijs","FumMzpqyKvwI0mrE1r0W3axn5","rclinfo@redwoodcity.org","email"
"uQGM9xK9waKG5xnC3wE1NhmO6","nDAlsrawVULWR1vhkKIkwZijs","FumMzpqyKvwI0mrE1r0W3axn5","http://www.redwoodcity.org/library","url"
"uQGM9xK9waKG5xnC3wE1NhmO6","EKOCa7a6wpcozEcfygw7mclbK","pFmPpDcjxxkHWUqAjl5MQYDST","rclread@redwoodcity.org","email"
"uQGM9xK9waKG5xnC3wE1NhmO6","EKOCa7a6wpcozEcfygw7mclbK","pFmPpDcjxxkHWUqAjl5MQYDST","http://www.projectreadredwoodcity.org","url"
"uQGM9xK9waKG5xnC3wE1NhmO6","tp7NdNScEYQd0Hex5jT61IRxA","Zgn7rRCNo9sQvRgGazeqVWTZc","http://www.redwoodcity.org/library","url"
"9DSK0Sqtu67eYh46MFq9sIsMV","lIozhzFDigikZGAJ11zLX9PNC","WEEJtZZyP5uk9xtod7nX6Njii","http://www.tsagoldenstate.org","url"
"9DSK0Sqtu67eYh46MFq9sIsMV","mOHscXCyAcj4s8MVyaOyP9H6p","TV4DyZKDrJ20zM0nuNn20JVxc","william_nichols@usw.salvationarmy.org","email"
"9DSK0Sqtu67eYh46MFq9sIsMV","55FIeVtGwfylxpQ1MLmpvGVqE","2dtyduKHZX2wwlMDz1OfH7FfJ","http://www.tsagoldenstate.org","url"
"NNvjXszsAzytGIjNEO4TfZId2","OkD9SQLaGfPdTErYXhvCfN1Yx","19TxUKunuTqlYByhGcLl1mQwW","gracie@samaritanhouse.com","email"
"NNvjXszsAzytGIjNEO4TfZId2","OkD9SQLaGfPdTErYXhvCfN1Yx","19TxUKunuTqlYByhGcLl1mQwW","http://www.samaritanhouse.com","url"
"NNvjXszsAzytGIjNEO4TfZId2","xxCxI4War0gabyCKqEi0qD4vg","AK2l8EnDm4998esJtE47gto8u","smcmed@samaritanhouse.com","email"
"NNvjXszsAzytGIjNEO4TfZId2","xxCxI4War0gabyCKqEi0qD4vg","AK2l8EnDm4998esJtE47gto8u","http://www.samaritanhouse.com","url"
"Lyu6UZX5XWh5w5t8eZR0WsMvi","uOw0Jt3hPpggnSaFkHR9KhNS6","X5aNA879rosyjAhrZius9xW4n","eml@example.org","email"
"Lyu6UZX5XWh5w5t8eZR0WsMvi","uOw0Jt3hPpggnSaFkHR9KhNS6","X5aNA879rosyjAhrZius9xW4n","http://codeforamerica.org","url"
